可燃,アイスノン,,あ
小型破砕,アイスピック,,あ
小型破砕,アイロン,,あ
大型資源,アイロン台,布部分は可燃へ出してください。,あ
可燃,アクセサリー(木製）,,あ
小型破砕,アクセサリー(金属製・複合素材）,,あ
大型資源,アコーディオンカーテン,布部分は可燃へ出してください。,あ
大型資源,足踏みミシン,木製部分は可燃へ出してください。,あ
収集しません,あぜシート,,あ
小型破砕,アタッシュケース,50cm以上は大型へ出してください。,あ
小型破砕,アダプター(ＡＣ、ＤＣ）,,あ
小型破砕,圧力なべ,50cm以上は大型へ出してください。,あ
可燃,油（食用）,中身を固めるか、紙布などに浸して出してください。,あ
収集しません,油（食用以外）,販売店、専門業者に処理を依頼してください。,あ
缶・ビン,油ビン(食用／オリーブ油・ごま油等）,中身を使い切ってふたを外して出してください。水洗いは不要です。,あ
小型破砕,油ビン(食用以外／整髪料、ミシン油等）,中身を使い切ってふたを外して出してください。水洗いは不要です。,あ
可燃,雨具(ビニール製以外／カッパ、アノラック）,,あ
プラスチック,雨具(ビニール製／カッパ）,,あ
大型資源,雨戸,木製は可燃へ出してください。1.8ｍ以上は処理困難物です。,あ
大型資源,雨どい,1.8ｍ以上は処理困難物です。,あ
プラスチック,網(プラスチック製）,1.8ｍ以上は処理困難物です。,あ
小型破砕,網(金属製）,,あ
可燃,網(布製）,,あ
大型資源,編み機,,あ
大型資源,網戸(サッシ等）,木製は可燃へ出してください。1.8ｍ以上は処理困難物です。,あ
可燃,編み針(竹製）,,あ
小型破砕,編み針(金属製）,,あ
プラスチック,編み針(プラスチック製）,,あ
可燃,アルバム,金属の部分は、外して小型へ出してください。,あ
プラスチック,アルミコーティング袋,プラマークの入った菓子袋など。（プラマークのないものは可燃に出してください。）,あ
大型資源,アルミサッシ,1.8ｍ以上は処理困難物です。,あ
小型破砕,アルミ箔,汚れを落として出してください。,あ
収集しません,アルミホイール(自動車・単車用）,販売店、専門業者に処理を依頼してください。,あ
小型破砕,アルミホイル,汚れを落として出してください。,あ
小型破砕,アルミレンジフード,50cm以上は大型へ出してください。,あ
小型破砕,泡立器,,あ
小型破砕,あんぜんピン,,あ
大型資源,アンテナ(室外用）1.8ｍ以上は処理困難物です。,,あ
小型破砕,アンテナ(室内用）,,あ
大型資源,アンプ,50cm以下は小型へ出してください。,あ
大型資源,あんま機(椅子型）,木製、布部分は可燃へ出してください。50cm以下は小型へ出してください。,あ
大型資源,衣装ケース(金属製）,,い
プラスチック,衣装ケース(プラスチック製）,50cm以上は大型へ出してください。,い
可燃,衣装ケース(木製・紙製）,,い
小型破砕,移植ごて,,い
可燃,いす(木製）,厚さ20cm以下にしてください。,い
大型資源,いす(金属製・プラスチック製）,スポンジはプラへ出してください。1.8ｍ以上は処理困難物です。,い
可燃,板きれ,,い
可燃,板戸,,い
大型資源,一輪車(スポーツ用・ねこ車）,,い
缶・ビン,一升瓶,ふたを取りさっと洗って出してください。割れたビンは小型へ出してください。,い
小型破砕,一斗缶(18リットル缶・金属製）,中身を空にして、キャップは取外して出してください。水洗いは不要です。,い
プラスチック,一斗缶(18リットル缶・プラスチック製）,中身を空にして、キャップは取外して出してください。水洗いは不要です。,い
大型資源,犬小屋,木製は可燃へ出してください。,い
大型資源,犬のゲージ,50cm以下は小型へ出してください。,い
小型破砕,鋳物鍋,50cm以上は大型へ出してください。,い
小型破砕,イヤホン,,い
小型破砕,イヤリング,木製部分は可燃へ出してください。,い
可燃,衣類,ボタン・ジッパーなどできるだけ外してください。,い
家電リサイクル製品,衣類乾燥機,家電リサイクル券を購入し、販売店、専門業者に処理を依頼してください。,い
小型破砕,入れ歯,,い
可燃,色鉛筆,木製以外のものは、小型へ出してください。,い
可燃,印鑑(はん）,プラスチック製はプラへ出してください。,い
小型破砕,インクリボン,,い
小型破砕,インクカートリッジ,インクカートリッジ里帰りプロジェクトにご協力ください。販売店等でもリサイクル用に回収しています。11Ｐ参照,い
小型破砕,インターホン,,い
小型破砕,インラインローラースケート,,い
缶・ビン,ウイスキーのビン,ふたを取りさっと洗って出してください。割れたビンは小型へ出してください。,う
家電リサイクル製品,ウインド型エアコン,家電リサイクル券を購入し、販売店、専門業者に処理を依頼してください。,う
大型資源,ウインドファン,,う
可燃,植木,,う
小型破砕,植木鉢(陶器）,土は洗い落として出してください。50cm以上は大型へ出してください。,う
プラスチック,植木鉢(プラスチック製）,土は洗い落として出してください。50cm以上は大型へ出してください。,う
大型資源,植木用支柱,50cm以下は小型へ出してください。,う
可燃,ウェットスーツ,,う
プラスチック,浮輪・浮き袋,,う
収集しません,うす(石製）,鳥取県東部環境クリーンセンターへお問い合せください。,う
可燃,うす(木製）,厚さ20cm以下にしてください。,う
可燃,うちわ・せんす,プラスチック部分はプラへ出してください。,う
小型破砕,腕時計,皮、布部分は可燃へ、ボタン電池は取外して出してください。,う
大型資源,乳母車,布部分は可燃へ、スポンジはプラへ出してください。,う
可燃,羽毛布団,,う
プラスチック,ウレタンソファー,布、綿は可燃へ、金属部分は大型へ出してください。,う
プラスチック,ウレタンマット,布、綿は可燃へ出してください。,う
可燃,運動靴,,う
プラスチック,エアキャップ(クッション材）,,え
家電リサイクル製品,エアコン(室内機・室外機）,家電リサイクル券を購入し、販売店、専門業者に処理を依頼してください。,え
プラスチック,エアマット,,え
小型破砕,映写機,50cm以上は大型へ出してください。,え
可燃,ＡＶラック,金属製は大型へ出してください。,え
家電リサイクル製品,液晶テレビ,家電リサイクル券を購入し、販売店、専門業者に処理を依頼してください。,え
小型破砕,枝切りばさみ,木製部分はできるだけ外して出してください。,え
可燃,枝類,,え
小型破砕,絵の具,中身を空にしてフタを取り外して出してください。,え
可燃,絵本,古紙回収リサイクルへお願いします。,え
小型破砕,LED電球,,え
可燃,エレキギター,不燃部分は小型へ出してください。,え
収集しません,エレクトーン,販売店、専門業者に処理を依頼してください。,え
小型破砕,延長コード,コードは短く巻いて出してください。,え
大型資源,延長ドラム(巻き取り型）,コードは巻いたまま出してください。50cm以下は小型へ出してください。,え
大型資源,煙突,1.8ｍ以上は処理困難物です。,え
可燃,鉛筆,,え
小型破砕,鉛筆削り器,削りかすは可燃へ出してください。,え
プラスチック,塩ビパイプ(事業活動に係らないもの）,,え
プラスチック,オアシス（生け花用）,乾燥させてから出してください。,え
収集しません,オイル（機械油）,販売店、専門業者に処理を依頼してください。,お
可燃,オイル(食用油）,固めるか、紙布などに吸い取らせて出してください。,お
小型破砕,オイル缶(４リットル未満）,オイルは抜き取り、キャップを外して出してください。,お
大型資源,オイル缶(４リットル以上）,オイルは抜き取り、キャップを外して出してください。石油給湯器用タンクは処理困難物です。,お
小型破砕,王冠(ビンのふた）,プラスチック製はプラへ出してください。,お
可燃,応接いす,スプリング、金属類は大型へ出してください。,お
２輪車リサイクル,オートバイ,10Ｐ参照,お
小型破砕,オーブントースター,,お
大型資源,オーブンレンジ,,お
小型破砕,置き時計,乾電池、ボタン電池を外して出してください。50cm以上は大型へ出してください。,お
可燃,桶(木製）,,お
小型破砕,桶(金属製）,50cm以上は大型へ出してください。,お
プラスチック,桶(プラスチック製）,50cm以上は大型へ出してください。,お
小型破砕,押しピン(画鋲）,,お
可燃,おしめ、おむつ,汚物は取り除いて出してください。,お
可燃,おしゃぶり,,お
可燃,お玉・しゃくし,木製以外のものは、小型に出してください。,お
可燃,落ち葉,持ち出す量は1～2袋にしてください。,お
小型破砕,斧,木製部分は可燃へ出してください。,お
プラスチック,おまる,汚物は取り除いて出してください。複合素材のものは小型へ出してください。,お
可燃,おもちゃ(布製・木製）,,お
小型破砕,おもちゃ(金属・複合素材）,乾電池、ボタン電池等を外して出してください。,お
プラスチック,おもちゃ(プラスチック製）,50cm以上は大型へ出してください。,お
大型資源,折りたたみ椅子,50cm以下は小型へ出してください。布、木製部分は可燃へ出してください。,お
小型破砕,折りたたみ傘,生地はできるだけ外して出してください。,お
大型資源,折りたたみ自転車,,お
収集しません,オルガン,販売店、専門業者に処理を依頼してください。,お
可燃,オルゴール(木製）,金属部分は、外して小型に出してください。,お
小型破砕,オルゴール(金属製・複合製）,,お
小型破砕,おろしがね,プラスチック製はプラへ出してください。,お
収集しません,温水器,販売店、専門業者に処理を依頼してください。,お
小型破砕,温度計,水銀入りは乾電池類へ出してください。,お
小型破砕,カーステレオ,,か
可燃,カーテン,,か
大型資源,カーテンレール,1.8ｍ以上は処理困難物です。50cm以下は小型へ出してください。,か
小型破砕,カード(テレホンカード等）,,か
可燃,カーペット,,か
可燃,カーボン紙,,か
可燃,貝(かいがら）,,か
小型破砕,懐中電灯,乾電池は取り外して乾電池類に出してください。,か
小型破砕,懐中時計,ボタン電池を外して出してください。,か
プラスチック,買い物袋(レジ袋）,,か
可燃,カイロ(使い捨て）,,か
小型破砕,カイロ(金属製）,中のベンジンは、空にしてください。,か
小型破砕,鏡(手鏡）,木製部分は可燃へ出してください。,か
大型資源,鏡(大型）,50cm以上はそのまま出してください。,か
小型破砕,花器(陶磁器製）,50cm以上は大型へ出してください。,か
プラスチック,花器(プラスチック製）,50cm以上は大型へ出してください。,か
小型破砕,鍵,,か
可燃,かぎ針(竹製）,,か
小型破砕,かぎ針(金属製）,,か
プラスチック,かぎ針(プラスチック製）,,か
大型資源,学習机,木製、木製部分は可燃へ出してください。,か
可燃,額縁(木製）,ガラス部分は、外して小型へ出してください。,か
小型破砕,額縁(木製以外）,50cm以上は大型へ出してください。,か
可燃,掛軸,,か
小型破砕,掛時計,木製部分は可燃へ、50cm以上は大型へ出してください。,か
可燃,かご(木製）,,か
小型破砕,かご(金属製）,50cm以上は大型へ出してください。,か
プラスチック,かご(プラスチック製）,50cm以上は大型へ出してください。,か
小型破砕,傘,生地はできるだけ外してください。,か
可燃,傘立て(木製）,,か
大型資源,傘立て(木製以外）,50cm以下は小型へ出してください。,か
缶・ビン,菓子缶(粉ミルク缶以下の大きさ）,ふたは外して小型へ出してください。,か
小型破砕,菓子缶(粉ミルク缶を越える大きさ）,,か
小型破砕,加湿器,水は抜いて出してください。50cm以上は大型へ出してください。,か
プラスチック,菓子袋(アルミコーティング袋）,プラマークがあるものはさっと洗ってプラへ出してください。,か
可燃,菓子袋(紙袋）,,か
プラスチック,菓子袋(ナイロン袋）,さっと洗ってプラへ出してください。,か
小型破砕,ガス給湯器(台所用）,50cm以上は大型へ出してください。,か
収集しません,ガス給湯器(風呂用）,販売店、専門業者に処理を依頼してください。,か
大型資源,ガスコンロ,乾電池は取り外し乾電池類に出してください。50cm以下は小型へ出してください。,か
可燃,カスタネット,木製以外は小型へ出してください。,か
大型資源,ガステーブル,乾電池は取り外して乾電池類に出してください。,か
収集しません,ガスボンベ(ＬＰガス等）,販売店、専門業者に処理を依頼してください。,か
小型破砕,ガスマット,汚れを落として出してください。,か
大型資源,ガスレンジ,乾電池は取り外して乾電池類に出してください。,か
小型破砕,カセットコンロ,カセットボンベは中身を空にして、屋外で穴をあけて出してください。,か
小型破砕,カセットテープ,紙(ラベル）等は、可燃へ出してください。ケースはプラへ出してください。,か
大型資源,カセットテープレコーダー,50cm以下は小型へ出してください。乾電池は乾電池類へ出してください。,か
小型破砕,カセットボンベ(卓上・キャンプ用）,中身を空にして、屋外で穴をあけて出してください。,か
可燃,固めた食用油,,か
小型破砕,カッターナイフ,,か
可燃,カッパ(ビニール製以外）,,か
プラスチック,カッパ(ビニール製）,,か
可燃,カップメン容器(紙製）,,か
プラスチック,カップメン容器(プラスチック製）,紙製のふたは、可燃へ出してください。,か
可燃,かつら,,か
小型破砕,かなづち,木製部分は可燃へ出してください。,か
小型破砕,金たわし,,か
可燃,かばん,金属部分はできるだけ外して小型へ出してください。,か
小型破砕,花ビン,木、竹製は可燃へ、50cm以上は大型へ出してください。,か
小型破砕,カフス,,か
小型破砕,かま(農業用以外）,木製部分は可燃へ出してください。,か
可燃,紙,古紙回収リサイクルへお願いします。,か
可燃,髪(髪の毛）,,か
可燃,紙おむつ,汚物は取り除いて出してください。,か
小型破砕,かみそり,,か
可燃,紙やすり,,か
小型破砕,カメラ,電池類は取り外して出してください。,か
可燃,蚊帳(かや）,ごみ袋に入る程度の大きさにして出してください。,か
大型資源,カラオケセット(本体）,,か
小型破砕,ガラス,50cm以上は大型へ出してください。,か
大型資源,ガラス戸,50cm以下は小型へ出してください。,か
可燃,カラーボックス(木・紙・竹製）,,か
プラスチック,カラーボックス(プラスチック製）,50cm以上は大型へ出してください。,か
大型資源,刈込機,エンジン付きのものは収集しません。50cm以下は小型へ出してください。,か
可燃,革靴,,か
収集しません,瓦,販売店、専門業者に処理を依頼してください。,か
缶・ビン,缶(食用／粉ミルク以下の大きさ）,中身を使い切って水洗いし、ふたを外して出してください。,か
小型破砕,缶(食用／粉ミルクを越える大きさ）,中身を使い切って水洗いし、ふたを外して出してください。,か
小型破砕,缶(食用以外）,中身を使い切って水洗いし、ふたを外して出してください。,か
小型破砕,缶のふた,,か
大型資源,換気扇,50cm以下は小型へ出してください。,か
可燃,換気扇フィルター,プラスチック部分はプラへ出してください。,か
小型破砕,缶切り,,か
大型資源,乾燥機(布団・食器用）,ふとん乾燥機の保温用袋の部分は、可燃へ出してください。50cm以下は小型へ出してください。,か
可燃,乾燥剤,プラスチック容器はプラへ出してください。,か
乾電池類,乾電池,単１～単５の筒型乾電池、９Ｖ角型電池のみ、その他の電池(水銀、リチウム、ニカド、ナトリウム、ボタンなど）は販売店等にあるリサイクルボックスへ出してください。,か
可燃,かんな(工具）,金属の部分は外して小型へ出してください。,か
大型資源,キーボード(音楽用）,50cm以下は小型へ出してください。,き
小型破砕,キーボード(パソコン用・ワープロ用）,,き
小型破砕,キーホルダー,,き
可燃,ギター,弦は小型へ出してください。,き
大型資源,キックボード,木製部分は可燃へ出してください。,き
小型破砕,キッチンタイマー,電池は外して乾電池類へ出してください。,き
小型破砕,ギブス（患部固定用）,金属部分以外のものは可燃へ出してください。,き
可燃,きね,,き
可燃,着物,,き
大型資源,脚立,1.8ｍ以上は処理困難物です。,き
小型破砕,キャッシュカード,,き
小型破砕,キャップ（金属製）,,き
プラスチック,キャップ（プラスチック製）,,き
大型資源,キャビネット,木製部分は可燃へ出してください。1.8ｍ以上は処理困難物です。,き
可燃,キャリーケース,できるだけ不燃部分は取り除いてください。,き
可燃,キャンプ用テント,ビニール製はプラへ、金属製支柱は大型へ、50cm以下の金属類は小型でも受入可能です。,き
小型破砕,急須,,き
小型破砕,給湯器(湯沸し器）,ゴムホースは、可燃へ出してください。50cm以上は大型へ出してください。,き
可燃,鏡台,鏡、金属部分は小型へ出してください。,き
収集しません,金庫(耐火型）,販売店、専門業者に処理を依頼してください。,き
小型破砕,金庫(手提げ型）,50cm以上は大型へ出してください。,き
大型資源,金属バット,,き
大型資源,空気入れ(自転車用）,50cm以下は小型へ出してください。,く
大型資源,空気清浄器,50cm以下は小型へ出してください。,く
家電リサイクル製品,クーラー(エアコン類）,家電リサイクル券を購入し、販売店、専門業者に処理を依頼してください。,く
可燃,クーラーバッグ,,く
大型資源,クーラーボックス,50cm以下は小型へ出してください。,く
小型破砕,釘,,く
小型破砕,釘抜き,50cm以上は大型へ出してください。,く
可燃,草,土を取って出してください。,く
大型資源,草刈機（電気式）,エンジン付きのものは収集しません。販売店、専門業者に処理を依頼してください。,く
小型破砕,鎖(くさり）,50cm以上は大型へ、プラスチック製はプラへ出してください。,く
小型破砕,串,木、竹製は可燃へ、プラスチック製はプラへ出してください。,く
小型破砕,櫛(くし）,木、竹製は可燃へ、プラスチック製はプラへ出してください。,く
可燃,薬,,く
可燃,薬シート(袋）,,く
缶・ビン,薬ビン(のみ薬）,中身を空にして、ふたを取りさっと洗って出してください。割れたビンは小型へ出してください。,く
小型破砕,薬ビン(のみ薬以外／きず薬・消毒薬等）,中身を空にしてください。,く
可燃,薬箱（木製）,,く
プラスチック,薬箱（プラスチック）,,く
小型破砕,口紅,中身は空にして出してください。,く
大型資源,クッキングヒーター,50cm以下は小型へ出してください。,く
可燃,クッション,スポンジはプラへ出してください。,く
小型破砕,靴べら,プラスチック製はプラへ、木製は可燃へ出してください。,く
可燃,靴類,革靴、サンダル、ズック、ゴム長靴、安全靴など,く
小型破砕,グラス,,く
可燃,グラウンドゴルフ(スティック・玉）,木製以外は小型へ出してください。,く
可燃,クラッカー(パーティー用）,必ず使用済みのものを出してください。,く
小型破砕,クリスタル(ガラス・灰皿・コップ）,,く
大型資源,クリスマスツリー,木製部分は可燃へ出してください。50cm以下は小型へ出してください。,く
小型破砕,クリスマスツリーの飾り,紙、木製は可燃へ、プラスチック製はプラへ出してください。,く
小型破砕,クリップ,,く
大型資源,車椅子,電動式は購入先又は専門業者に処理を依頼してください。,く
可燃,クレヨン,,く
プラスチック,クレンザー（みがき剤）の容器,紙製のものは可燃へ出してください。,く
可燃,グローブ類,,く
小型破砕,グローランプ(球）,,く
小型破砕,くわ(農業用以外）,木製部分は可燃へ出してください。,く
可燃,軍手,,く
可燃,毛,,け
乾電池類,蛍光管,危険ですので梱包紙・紙筒などに入れて出してください。,け
小型破砕,計算機,乾電池は取り外して乾電池類に出してください。,け
小型破砕,携帯電話(充電器を含む）,充電式電池は外して購入先などに出してください。,け
可燃,携帯トイレ(旅行用）,汚物は取り除いて出してください。,け
小型破砕,携帯灰皿,,け
可燃,毛糸,,け
小型破砕,計量はかり,50cm以上は大型へ出してください。,け
可燃,ケース類(木製・紙製）,,け
小型破砕,ケース類(金属製）,50cm以上は大型へ出してください。,け
プラスチック,ケース類(プラスチック製）,50cm以上は大型へ出してください。,け
可燃,ゲートボール(スティック・玉）,カーボン製は小型へ出してください。,け
大型資源,ケーブル(アンテナ線・電線等）,束ねて出してください。,け
小型破砕,ゲーム機(家庭用）,業務用は処理困難物です。,け
小型破砕,ゲームソフト,,け
可燃,消しゴム,,け
小型破砕,化粧品容器(金属製・複合材）,中身は空にして出してください。,け
プラスチック,化粧品容器(プラスチック製）,中身は空にして出してください。,け
小型破砕,化粧ビン,中身は空にして出してください。,け
可燃,下駄,,け
可燃,下駄箱,金属部分は小型へ出してください。,け
小型破砕,血圧計,水銀を使用しているものは乾電池類へ出してください。,け
小型破砕,検温器,水銀を使用しているものは乾電池類へ出してください。,け
大型資源,玄関マット(金属製、複合材）,50cm以下は小型へ出してください。,け
プラスチック,玄関マット(プラスチック製）,ゴム製は可燃へ出してください。,け
可燃,玄関マット(布製・ゴム製）,,け
大型資源,健康器具,50cm以下は小型へ出してください。,け
缶・ビン,健康食品ビン・缶,ふたを取りさっと洗って出してください。割れたビンは小型へ出してください。,け
小型破砕,剣山,,け
２輪車リサイクル,原動機付自転車（スクーター）,10Ｐ参照,け
小型破砕,剣道の防具（面）,,け
可燃,剣道の防具（面以外）,,け
小型破砕,けん盤ハーモニカ,,け
小型破砕,顕微鏡,木製ケースは可燃へ出してください。,け
小型破砕,碁石,,こ
可燃,鯉のぼり,,こ
大型資源,鯉のぼりの支柱(金属製）,1.8ｍ以上は処理困難物です。,こ
小型破砕,工具・工具箱,木製は可燃へ、50cm以上は大型へ出してください。,こ
小型破砕,ゴーグル,,こ
小型破砕,コード,短く巻いて出してください。,こ
大型資源,コードリール(延長ドラム）,コードは巻いたまま出してください。50cm以下は小型へ出してください。,こ
小型破砕,コーヒーメーカー,,こ
可燃,氷枕,,こ
小型破砕,小型ラジオ,乾電池、ボタン電池、充電式電池を外してください。,こ
可燃,黒板（家庭用）,金属製は大型へ出してください。,こ
可燃,ござ,ビニール製はプラへ出してください。,こ
大型資源,こたつ,木製部分は可燃へ出してください。,こ
可燃,こたつ板,縁に金具がついている場合は外して小型へ出してください。,こ
可燃,碁盤,厚さ20cm以下にして出してください。,こ
小型破砕,こたつの電熱部分,,こ
小型破砕,コップ,紙製は可燃へ、プラスチックはプラへ出してください。,こ
可燃,琴,,こ
大型資源,コピー機(家庭用）,トナーは取外し販売店又は専門業者に処理をに依頼してください。,こ
可燃,こま,木製以外は小型へ出してください。,こ
可燃,ごみ箱(木製）,,こ
小型破砕,ごみ箱(金属製）,50cm以上は大型へ出してください。,こ
プラスチック,ごみ箱(プラスチック製）,50cm以上は大型へ出してください。,こ
可燃,ゴム手袋,,こ
可燃,ゴムホース,,こ
可燃,ゴムマット,,こ
可燃,ゴム輪,,こ
大型資源,米びつ,50cm以下は小型へ出してください。,こ
可燃,コルク,,こ
小型破砕,コルク抜き,,こ
可燃,コルセット,,こ
大型資源,ゴルフクラブ,,こ
大型資源,ゴルフバッグ,,こ
小型破砕,ゴルフボール,,こ
大型資源,コンクリートブロック（事業活動に関わらないもの）,詳しくは、鳥取県東部環境クリーンセンターにお問い合わせください。,こ
小型破砕,コンタクトレンズ,,こ
大型資源,コンテナ(プラスチック製）,,こ
小型破砕,コンパクト(化粧道具）,中身を使い切って出してください。,こ
小型破砕,コンパクトディスク,,こ
小型破砕,コンパス（製図用・方位用）,,こ
大型資源,サーフボード,,さ
大型資源,サイクリングマシン,,さ
大型資源,座椅子,布は可燃へ、スポンジはプラへ出してください。,さ
可燃,サイドボード,ガラス、金属等は、小型へ出してください。,さ
可燃,財布,,さ
小型破砕,杯（陶磁器類／ガラス製）,木製は可燃へ出してください。プラスチックはプラへ出してください。,さ
可燃,酒パック,,さ
缶・ビン,酒ビン・缶,ふたを取りさっと洗って出してください。割れたビンは小型へ出してください。,さ
大型資源,座卓,木製部分は可燃へ出してください。,さ
可燃,サッカーボール,,さ
可燃,雑誌類,古紙回収リサイクルへお願いします。,さ
小型破砕,殺虫剤(スプレー缶）,中身を空にして、屋外で穴をあけて出してください。,さ
収集しません,殺虫剤(中身）,販売店、専門業者に処理を依頼してください。,さ
小型破砕,殺虫剤のビン(家庭園芸用）,中身を使い切って水洗いし、ふたを外して出してください。,さ
プラスチック,殺虫剤のプラスチック容器(家庭園芸用）,中身を使い切って水洗いし、ふたを外して出してください。,さ
小型破砕,殺虫灯(電撃用）,50cm以上は大型へ出してください。,さ
可燃,座布団,,さ
可燃,皿(食器用、木製・紙製）,,さ
小型破砕,皿(食器用、金属製）,50cm以上は大型へ出してください。,さ
プラスチック,皿(食器用、プラスチック製）,50cm以上は大型へ出してください。,さ
可燃,ざる(竹製）,,さ
小型破砕,ざる(金属製）,50cm以上は大型へ出してください。,さ
プラスチック,ざる(プラスチック製）,50cm以上は大型へ出してください。,さ
大型資源,魚焼き機,50cm以下は小型へ出してください。,さ
大型資源,三脚(カメラ・ビデオ用）,50cm以下は小型へ出してください。,さ
小型破砕,サングラス,,さ
可燃,サンダル,,さ
可燃,残飯,水を切って出してください。,さ
収集しません,サンヒーター,販売店、専門業者に処理を依頼してください。,さ
大型資源,三輪車(子ども用を含む）,,さ
可燃,シーツ,,し
小型破砕,ＣＤ・ＤＶＤ・ＭＤ,ケースは可燃部分を外してプラへ出してください。,し
大型資源,ＣＤラジカセ,50cm以下は小型へ出してください。電池は取り外してください。,し
小型破砕,シェーバー,,し
小型破砕,磁石,,し
大型資源,七輪（しちりん）,50cm以下は小型へ出してください。,し
大型資源,自転車,,し
大型資源,自転車の空気入れ,50cm以下は小型へ出してください。,し
可燃,自転車タイヤ(チューブ）,自転車は大型に出してください。,し
収集しません,自動車部品,タイヤ・ホイール・ショック・スプリング・バンパー・ガラス・マフラー等、販売店。専門業者に処理を依頼してください。,し
可燃,竹刀,,し
大型資源,芝刈機,エンジン付は回収しません。,し
小型破砕,蛇口(水道用）,,し
小型破砕,シャープペンシル,,し
小型破砕,ジャッキ（バンダグラフ・ひし形タイプ）,50cm以上は大型へ出してください。,し
大型資源,ジャッキ（油圧式）,,し
可燃,しゃもじ,プラスチック製はプラへ出してください。,し
小型破砕,シャベル,木製の部分はできるだけ外して可燃へ、プラスチック製はプラへ出してください。,し
プラスチック,シャンプー容器,軽く水洗いしてください。ポンプ部分は小型へ出してください。,し
小型破砕,ジューサーミキサー,,し
可燃,シューズ,,し
缶・ビン,ジュースビン・缶,中身を空にして、ふたを取りさっと洗って出してください。割れたビンは小型へ出してください。,し
可燃,じゅうたん,,し
小型破砕,充電器,車用は大型へ出してください。,し
収集しません,充電式電池,販売店等の回収箱に出してください。,し
可燃,収納ケース(木製）,,し
小型破砕,収納ケース(金属製）,50cm以上は大型へ出してください。,し
プラスチック,収納ケース(プラスチック製）,50cm以上は大型へ出してください。,し
小型破砕,朱肉,,し
大型資源,シュレッダー(家庭用）,50cm以下は小型へ出してください。,し
小型破砕,瞬間湯沸器(台所用）,ゴムホースは可燃へ出してください。50cm以上は大型へ出してください。,し
消火器リサイクル,消火器,11Ｐ参照,し
小型破砕,定規,木製、竹製は可燃へ、プラスチック製はプラへ出してください。,し
可燃,障子,,し
小型破砕,浄水器,フィルターは可燃へ出してください。,し
大型資源,照明器具,蛍光管は取り外し乾電池類へ、50cm以下は小型へ出してください。,し
プラスチック,ジョロ,金属製は小型へ出してください。,し
大型資源,除湿機,水を捨てて出してください。50cm以下は小型へ出してください。,し
可燃,除湿剤,水を取り、プラスチック容器はプラへ出してください。,し
可燃,食器(木・紙製）,,し
小型破砕,食器(金属製）,50cm以上は大型へ出してください。,し
プラスチック,食器(プラスチック製）,50cm以上は大型へ出してください。,し
大型資源,食器乾燥機・食器洗い乾燥機,50cm以下は小型へ出してください。,し
可燃,食器棚(みづや）,金属、ガラス部分は小型へ出してください。,し
可燃,食用油,中身を固めるか、紙布などに浸してください。,し
缶・ビン,食用油のビン・缶,中身を使い切って水洗いし、ふたを外して出してください。,し
プラスチック,食用油の容器（プラスチック製）,中身を使い切って水洗いし、ふたを外して出してください。,し
プラスチック,人工芝,,し
可燃,新聞紙,古紙回収リサイクルへお願いします。,し
大型資源,水槽,50cm以下は小型へ出してください。,す
小型破砕,水中メガネ,プラスチック製はプラへ出してください。,す
小型破砕,水筒,プラスチック製はプラへ出してください。,す
小型破砕,炊飯器,50cm以上は大型へ出してください。,す
大型資源,スーツケース,50cm以下は小型へ出してください。できるだけ可燃部分は取り除いてください。,す
大型資源,スキー板,木製は可燃へ出してください。子供用プラスチックスキーも大型へ出してください。,す
小型破砕,スキー靴,,す
大型資源,スキャナー,50cm以下は小型へ出してください。,す
小型破砕,スケート靴,,す
大型資源,スコップ,木製部分は可燃へ、50cm以下のプラスチック製はプラへ出してください。,す
小型破砕,すずり,,す
可燃,すだれ,プラスチック製で50cm以上は大型へ出してください。,す
大型資源,スチール整理棚,1.8ｍ以上は処理困難物です。,す
大型資源,スチール机,,す
プラスチック,スティックのり容器,中身を空にして出してください。,す
大型資源,ステッキ(つえ）,木製は可燃へ出してください。,す
大型資源,ステレオ（ＭＤ・ＣＤコンポ）,可燃部分はできるだけ取り除いてください。,す
大型資源,ストーブ(石油用）,タンク及び本体の燃料を抜き、給油キャップ、電池は取り外して出してください。,す
大型資源,ストーブ(電気・ガス用）,電池は取り外して出してください。50cm以下は小型へ出してください。,す
可燃,ストッキング,,す
大型資源,ストック(スキー）,木、竹製部分は可燃へ出してください。,す
プラスチック,ストロー,汚れたものは、軽く水洗いしてください。,す
小型破砕,砂時計,,す
可燃,スニーカー,,す
大型資源,スノーダンプ,,す
大型資源,スノーボード,,す
可燃,スノーボードブーツ（ソフトタイプ）,,す
小型破砕,スノーボードブーツ（ハードタイプ）,,す
可燃,すのこ,木製以外は、大型へ出してください。,す
可燃,スパイク靴,スパイク部分はできるだけ外して小型へ出してください。,す
小型破砕,スパナ(工具）,50cm以上は大型へ出してください。,す
大型資源,スピーカー,木製部分は可燃へ出してください。50cm以下は小型へ出してください。,す
可燃,スプーン(木製・紙製）,,す
小型破砕,スプーン(金属製）,,す
プラスチック,スプーン(プラスチック製）,,す
大型資源,スプリングベッド・スプリングマットレス,布、木製部分は可燃へ出してください。,す
小型破砕,スプレー缶,中身を空にして、屋外で穴をあけて出してください。,す
大型資源,すべり台(幼児用）,木製部分は可燃へ出してください。,す
プラスチック,スポンジ,,す
プラスチック,スポンジたわし,,す
大型資源,ズボンプレッサー,布は可燃へ出してください。,す
可燃,炭,,す
可燃,スリッパ,,す
小型破砕,すり鉢,,す
収集しません,スレート,鳥取県東部環境クリーンセンターへお問い合わせください。,す
収集しません,スロットマシーン・パチンコ台,販売店、専門業者に処理を依頼してください。,す
大型資源,精米器,50cm以下は小型へ出してください。,せ
可燃,生理用品,,せ
小型破砕,石油缶(18リットル用缶・一斗缶）,中身を空にして、キャップを取り外して出してください。水洗いは不要です。,せ
大型資源,石油ストーブ,タンク及び本体の燃料を抜き、給油キャップ、電池は取り外して出してください。,せ
大型資源,石油ファンヒーター,タンク及び本体の燃料を抜き、給油キャップを取り外して出してください。,せ
大型資源,石油ポンプ(乾電池式）,電池は外して、乾電池類へ出してください。,せ
プラスチック,石油ポンプ(プラスチック製）,,せ
可燃,石鹸,,せ
小型破砕,接着剤の容器,中身を空にして出してください。,せ
小型破砕,瀬戸物,50cm以上は大型へ出してください。,せ
可燃,セロハンテープ,,せ
プラスチック,洗剤詰替袋,,せ
小型破砕,洗車ブラシ,木製のものは可燃へ出してください。,せ
可燃,せんす・うちわ,プラスチックの部分は外してプラへ出してください。,せ
大型資源,洗濯竿(金属製）,木竹製は可燃へ、1.8ｍ以上は処理困難物です。,せ
家電リサイクル製品,洗濯機,家電リサイクル券を購入し、販売店、専門業者に処理を依頼してください。,せ
小型破砕,洗濯ばさみ,,せ
小型破砕,剪定ばさみ,,せ
可燃,剪定枝（植木・廃木）,,せ
小型破砕,栓抜き,,せ
大型資源,扇風機,50cm以下は小型へ出してください。,せ
プラスチック,洗面器,木製は可燃へ出してください。,せ
大型資源,洗面台,木製部分は可燃へ出してください。,せ
小型破砕,造花,布、紙製は可燃へ、50cm以下のプラスチック製はプラへ出してください。,そ
小型破砕,双眼鏡,,そ
大型資源,掃除機,紙パック(ごみ袋）は可燃へ出してください。50cm以下は小型へ出してください。,そ
可燃,ぞうり(草履）,,そ
大型資源,ソファー(スプリングのみ）,木、布、綿は可燃へ、スポンジはプラへ出してください。,そ
大型資源,そり,木製は可燃へ出してください。,そ
可燃,そろばん,プラスチック製はプラへ出してください。,そ
乾電池類,体温計(水銀）,割れた場合は透明な袋に入れて乾電池類へ出してください。,た
小型破砕,体重計(平型）,電池は外して出してください。,た
大型資源,タイプライター,,た
収集しません,タイヤ(自動車・単車用）,販売店、専門業者に処理を依頼してください。,た
大型資源,タイヤチェーン,ラバー製のものは小型へ出してください。,た
収集しません,タイル,鳥取県東部環境クリーンセンターにお問い合わせください。,た
可燃,タオル・タオルケット,,た
大型資源,高枝ハサミ,1.8ｍ以上は処理困難物です。,た
可燃,竹串(たけぐし）,折って出してください。,た
可燃,畳(たたみ）,,た
大型資源,卓球台,木製部分は可燃へ出してください。,た
可燃,脱臭剤,プラスチック容器は消臭剤を取り除きプラへ出してください。,た
大型資源,立てす,布部分は可燃へ出してください。,た
プラスチック,卵パック,紙製は可燃へ出してください。,た
小型破砕,タモ網,木、竹製部分は可燃へ出してください。,た
可燃,たらい(木製）,,た
小型破砕,たらい(金属製）,50cm以上は大型へ出してください。,た
プラスチック,たらい(プラスチック製）,50cm以上は大型へ出してください。,た
可燃,樽(木製）,,た
小型破砕,樽(金属製）,50cm以上は大型へ出してください。,た
可燃,たわし(亀の子たわし）,,た
プラスチック,たわし(スポンジ）,,た
小型破砕,たわし(金属製）,,た
可燃,タンス,金属部分は小型へ出してください。,た
小型破砕,ダンベル,50cm以上は大型へ出してください。,た
可燃,ダンボール,古紙回収リサイクルへお願いします。,た
小型破砕,チェーン(自動車以外・金属製）,50cm以上は大型へ出してください。,ち
プラスチック,チェーン(自動車以外・プラスチック製）,50cm以上は大型へ出してください。,ち
大型資源,チェーン(自動車用）,ラバー製のものは小型へ出してください。,ち
大型資源,チェーンソー(電気式）,エンジン付のものは収集しません。販売店、専門業者に処理を依頼してください。,ち
小型破砕,地球儀,木製部分は可燃へ、50cm以上は大型へ出してください。,ち
大型資源,チャイルドシート,布部分は可燃へ出してください。,ち
小型破砕,茶器,,ち
小型破砕,茶碗,,ち
小型破砕,中華なべ,50cm以上は大型へ出してください。,ち
可燃,チューブゴム,,ち
大型資源,チューナー,50cm以下は小型へ出してください。,ち
小型破砕,彫刻刀,,ち
可燃,チョーク,,ち
缶・ビン,調味料の缶,ふたを取りさっと洗って出してください。,ち
缶・ビン,調味料のビン,ふたを取りさっと洗って出してください。割れたビンは小型へ出してください。,ち
可燃,ついたて,金属部分は小型へ出してください。,つ
可燃,杖（木製）,,つ
大型資源,杖（木製以外）,50cm以下は小型へ出してください。,つ
可燃,使い捨てカイロ,,つ
小型破砕,使い捨てライター,ガスを空にして出してください。使い終わった後も、時間をおいて火がつかないか何回か確認してください。,つ
大型資源,机,木製部分は可燃へ出してください。,つ
小型破砕,壺(つぼ）,50cm以上は大型へ出してください。,つ
可燃,積み木(木製）,,つ
プラスチック,積み木(プラスチック製）,,つ
小型破砕,つめきり,爪は可燃へ出してください。,つ
プラスチック,釣り糸,束ねて出してください。プラスチック製以外のものは、可燃に出してください。,つ
大型資源,つり竿（ガラス製・金属製・複合製）,木、竹製は可燃へ出してください。,つ
小型破砕,テープカッター,,て
ＰＣリサイクル,ディスプレー(パソコン用）,8Ｐ参照,て
大型資源,テープデッキ,50cm以下は小型へ出してください。電池は取り外してください。,て
大型資源,テーブル,木製部分は可燃へ出してください。,て
プラスチック,テーブルクロス(ビニール製）,布製は可燃へ出してください。,て
大型資源,手押し車,木製、布部分は可燃へ出してください。,て
小型破砕,手鏡,木製部分は可燃へ出してください。,て
小型破砕,手提金庫,50cm以上は大型へ出してください。耐火金庫は処理困難物です。,て
小型破砕,デジタルカメラ(ビデオ等）,バッテリーは販売店にあるリサイクルボックスへ出してください。,て
プラスチック,デスクマット,,て
小型破砕,鉄アレイ,,て
大型資源,鉄筋,1.8ｍ以下に切って出してください。,て
小型破砕,鉄板(料理用）,50cm以上は大型へ出してください。,て
可燃,テニスボール,,て
小型破砕,テニスラケット,木製は可燃へ(ガットはそのままで）出してください。,て
可燃,手袋(ビニール製以外）,,て
プラスチック,手袋(ビニール製）,,て
家電リサイクル製品,テレビ(ブラウン管）,家電リサイクル券を購入し、販売店、専門業者に処理を依頼してください。,て
家電リサイクル製品,テレビ(液晶・プラズマ）,家電リサイクル券を購入し、販売店、専門業者に処理を依頼してください。,て
大型資源,テレビアンテナ(室外用）,室内用アンテナは、小型へ出してください。,て
可燃,テレビ台,ガラス、金属は小型へ出してください。,て
小型破砕,テレホンカード,,て
小型破砕,天眼鏡（虫めがね）,,て
小型破砕,電気あんか,カーペットタイプは可燃へ出してください。,て
収集しません,電気温水器,販売店、専門業者に処理を依頼してください。,て
小型破砕,電気蚊とり機,,て
可燃,電気カーペット,コード、スイッチは小型へ出してください。,て
小型破砕,電気かみそり,電池は外して出してください。,て
小型破砕,電気コード・ケーブル,束ねて出してください。,て
大型資源,電気こたつ,木製部分は可燃へ出してください。,て
大型資源,電気炊飯器,50cm以下は小型へ出してください。,て
大型資源,電気スタンド,50cm以下は小型へ、蛍光管は取り外し乾電池類へ出してください。,て
大型資源,電気ストーブ,50cm以下は小型へ出してください。,て
小型破砕,電気ドリル(工具）,50cm以上は大型へ出してください。,て
小型破砕,電気のこぎり(電動工具）,50cm以上は大型へ出してください。,て
小型破砕,電気ポット,50cm以上は大型へ出してください。,て
可燃,電気毛布,コード、スイッチは小型へ出してください。,て
小型破砕,電球(LED電球含む）,電球型蛍光管は乾電池類へ出してください。,て
乾電池類,電球型蛍光管,,て
小型破砕,電撃殺虫器,50cm以上は大型へ出してください。,て
収集しません,電子オルガン,販売店、専門業者に処理を依頼してください。,て
大型資源,電子ジャー,50cm以下は小型へ出してください。,て
小型破砕,電子体温計,ボタン電池は販売店にあるリサイクルボックスへ出してください。,て
大型資源,電磁調理器,50cm以下は小型へ出してください。,て
小型破砕,電子手帳,電池は外して出してください。,て
大型資源,電子レンジ,,て
大型資源,天体望遠鏡,木製部分は可燃へ出してください。50cm以下は小型へ出してください。,て
小型破砕,電卓,電池は外して出してください。,て
乾電池類,電池,単1～単5の筒型乾電池、9Ｖ角型電池のみ、その他の電池(水銀、リチウム、ニカド、ナトリウム、ボタンなど）は販売店等にあるリサイクルボックスへ出してください。,て
可燃,テント(キャンプ用）,ビニール製はプラへ、金属製支柱は大型へ、50cm以下の金属類は小型でも受入可能です。,て
小型破砕,電動かんな,,て
大型資源,電動自転車,バッテリーを外して出してください。バッテリーは販売店・専門業者に処理を依頼してください。,て
小型破砕,電動歯ブラシ,乾電池は乾電池類へ出してください。,て
大型資源,電動ミシン,,て
小型破砕,てんぷらガード(アルミ製）,汚れを落として出してください。,て
小型破砕,電話機（FAX付を含む）,バッテリーは、販売店にあるリサイクルボックスへ出してください。,て
大型資源,ドア,木製部分は可燃へ出してください。1.8ｍ以上は処理困難物です。,と
プラスチック,投網（プラスチック製）,おもりは小型へ出してください。,と
小型破砕,砥石（といし）・シャープナー,,と
小型破砕,トイレコーナー（金属製）,,と
プラスチック,トイレコーナー（プラスチック製）,,と
小型破砕,陶磁器,50cm以上は大型へ出してください。,と
プラスチック,灯油タンク（ポリタンク）,中身を空にして、ふたを外して出してください。水洗いの必要はありません。,と
小型破砕,トースター,,と
小型破砕,時計,50cm以上は大型へ出してください。電池は外してください。,と
大型資源,トタン(金属製）,1.8ｍ以上は処理困難物です。,と
大型資源,トタン(プラスチック製）,網(メッシュ）が入ったものとの区別がつきにくいので大型へ出してください。,と
収集しません,トナー,販売店、専門業者に処理を依頼してください。,と
小型破砕,ドライヤー,,と
小型破砕,トランシーバー,筒型乾電池は乾電池類へ、その他の電池は、販売店等のリサイクルボックスへ出してください。,と
大型資源,鳥かご,50cm以下は小型へ出してください。,と
収集しません,塗料,販売店、専門業者に処理を依頼してください。,と
小型破砕,塗料缶,中身を空にして、ふたを外して出してください。缶の周りに付着した塗料は硬化していれば受入可能です。,と
小型破砕,塗料スプレー缶,中身を使い切ってから、屋外で穴を開けて出してください。,と
可燃,戸棚,ガラス、金属等は、小型へ出してください。,と
小型破砕,土鍋,,と
収集しません,ドラム缶,販売店、専門業者に処理を依頼してください。,と
可燃,トランプ,プラスチック製はプラへ出してください。,と
缶・ビン,ドリンクビン,ふたを取りさっと洗って出してください。割れたビンは小型へ出してください。,と
白色トレー,トレー（白色）,,と
プラスチック,トレー（色・柄付き、カップメン・きのこの容器など）,,と
大型資源,トレーニング器具,1.8ｍ以上は処理困難物です。,と
プラスチック,トロ箱(発泡スチロール）,大きいものは、割って出してください。,と
大型資源,トロフィー,50cm以下は小型へ出してください。,と
小型破砕,ナイフ,,な
可燃,長靴,,な
大型資源,流し台（事業活動に係わらないもの）,,な
小型破砕,流しのコーナー,プラスチック製はプラへ出してください。,な
小型破砕,ナタ,木製部分は可燃へ出してください。,な
プラスチック,納豆の容器,紙製は可燃へ出してください。,な
小型破砕,鍋,50cm以上は大型へ出してください。,な
可燃,鍋敷き,布製・木製以外は小型へ出してください。,な
可燃,生ごみ,水を切って出してください。,な
大型資源,波板トタン(鉄・プラ製）,1.8ｍ以上は処理困難物です。,な
プラスチック,縄（ビニール製・ナイロン製）,束ねて出して下さい。,な
可燃,縄（ビニール製・ナイロン製以外）,,な
可燃,二段ベッド,金属部分は小型へ出してください。,に
小型破砕,人形,木製、布製は可燃へ、プラスチック製はプラへ、50cm以上は大型へ出してください。,に
可燃,ぬいぐるみ,,ぬ
小型破砕,縫い針,,ぬ
可燃,ネガ,,ね
大型資源,ねこ車(一輪車）,,ね
小型破砕,ねじ,,ね
可燃,寝袋,,ね
可燃,粘着テープ,,ね
可燃,粘土,,ね
収集しません,農薬,販売店、専門業者に処理を依頼してください。,の
小型破砕,農薬のビン（家庭園芸用）,中身を使い切って、水洗いし、ふたを外して出してください。,の
プラスチック,農薬のプラスチック製容器（家庭園芸用）,中身を使い切って、水洗いし、ふたを外して出してください。,の
ＰＣリサイクル,ノートパソコン,8Ｐ参照,の
小型破砕,のこぎり(工具）,木製部分は可燃へ、50cm以上は大型へ出してください。,の
プラスチック,のり（でんぷんのり）のチューブ,中身を使い切って、ふたを外して出してください。,の
缶・ビン,海苔（食用）の缶・ビン,粉ミルク缶の大きさを超えるものは、ふたを外して小型へ出してください。,の
プラスチック,海苔（食用）のプラスチック製容器中身を使い切って、ふたを外して出してください。,,の
小型破砕,のみ(工具）,木製部分は可燃へ出してください。,の
大型資源,バーベキュー焼網,50cm以下は小型へ出してください。,は
大型資源,バーベキューコンロ,,は
大型資源,バーベキュー鉄板,50cm以下は小型へ出してください。,は
小型破砕,バーベル(ダンベル）,50cm以上は大型へ出してください。,は
小型破砕,ハーモニカ,,は
収集しません,灰(家庭用）,専門業者に処理を依頼してください。,は
２輪車リサイクル,バイク,10Ｐ参照,は
小型破砕,灰皿,50cm以上は大型へ出してください。,は
大型資源,パイプいす,50cm以下は小型へ出してください。可燃部分は可燃へ出して下さい。,は
大型資源,パイプベッド,木製部分は可燃へ出してください。1.8ｍ以上は処理困難物です。,は
可燃,廃油(食用）,固めるか、布などにしみ込ませて出してください。,は
収集しません,廃油(食用以外）,販売店、専門業者に処理を依頼してください。,は
小型破砕,バインダーファイル（金属付）,紙製部分は、外して可燃ごみへ出してください。,は
小型破砕,はがま,50cm以上は大型へ出してください。,は
小型破砕,はかり,50cm以上は大型へ出してください。,は
小型破砕,白熱球(はだか電球）,,は
可燃,はけ(木製）,,は
プラスチック,はけ(プラスチック製）,,は
小型破砕,バケツ(金属製）,50cm以上は大型へ出してください。,は
プラスチック,バケツ(プラスチック製）,50cm以上は大型へ出してください。,は
小型破砕,はさみ,,は
可燃,はし,プラスチック製はプラへ出してください。,は
大型資源,はしご,木製は可燃へ出してください。1.8ｍ以上は処理困難物です。,は
可燃,バスケットボール,,は
可燃,バスマット(布製）,,は
プラスチック,バスマット(プラスチック製）,,は
ＰＣリサイクル,パソコン,8Ｐ参照,は
収集しません,パチンコ台・スロットマシーン,販売店、専門業者に処理を依頼してください。,は
大型資源,パソコンラック,木製部分は可燃へ出してください。,は
収集しません,発煙筒,販売店、専門業者に処理を依頼してください。,は
可燃,バッグ（かばん）,金具はできるだけ外して小型へ出してください。,は
小型破砕,バッチ(金属製のもの）,,は
収集しません,バッテリー類,販売店、専門業者に処理を依頼してください。,は
可燃,バット(木製）,,は
大型資源,バット(金属製）,,は
プラスチック,バット(プラスチック製）,,は
プラスチック,発泡スチロール,事業系のものは収集しません。,は
可燃,花火,必ず使用済みのものを出してください。,は
プラスチック,歯ブラシ,,は
大型資源,パネルヒーター,,は
プラスチック,歯磨きチューブ,中身を空にして出してください。,は
小型破砕,刃物,,は
小型破砕,針,,は
小型破砕,針金,束ねて出してください。,は
大型資源,ハロゲンヒーター,50cm以下は小型へ出してください。,は
可燃,はん(印鑑）,プラスチック製はプラへ出してください。,は
小型破砕,ハンガー(金属製）,,は
プラスチック,ハンガー(プラスチック製）,金属の部分は外して小型へ出してください。外せない時は、小型へ出してください。,は
可燃,ハンガー(木製）,金属の部分は、できるだけ外して小型へ出してください。,は
小型破砕,ハンドミキサー,電池式は電池を外して出してください。,は
小型破砕,ハンマー,木製部分は可燃へ出してください。,は
小型破砕,ピアニカ,,ひ
収集しません,ピアノ,販売店、専門業者に処理を依頼してください。,ひ
小型破砕,ビー玉,,ひ
可燃,ビーチサンダル,,ひ
プラスチック,ビーチボール,,ひ
大型資源,ビーチパラソル,布部分は可燃へ出してください。,ひ
缶・ビン,ビールビン、缶,ふたを取りさっと洗って出してください。割れたビンは小型へ出してください。,ひ
小型破砕,ひげそり,電池は外して出してください。,ひ
小型破砕,ビデオカメラ,バッテリーは販売店にあるリサイクルボックスへ出してください。,ひ
小型破砕,ビデオテープ,紙ケースは可燃へ出してください。,ひ
大型資源,ビデオデッキ,50cm以下は小型へ出してください。,ひ
プラスチック,ビニールシート,,ひ
可燃,ビニール製粘着テープ,,ひ
プラスチック,ビニールテーブルクロス,,ひ
プラスチック,ビニール袋,,ひ
プラスチック,ビニール風呂敷,,ひ
プラスチック,ビニールホース,束ねて出してください。,ひ
プラスチック,肥料袋（家庭園芸用）,ごみ袋として使用しないでください。農業用は処理困難物です。,ひ
小型破砕,ピンセット,,ひ
プラスチック,ピンポン玉,,ひ
小型破砕,ファイル（金具付）,紙類は可燃へ出してください。,ふ
小型破砕,ファックス付電話機,,ふ
小型破砕,ファミコン(ゲーム機）,,ふ
大型資源,ファンシーケース,木製部分は可燃へ出してください。,ふ
大型資源,ファンヒーター,タンク及び本体の燃料を抜き、給油キャップを取り外して出してください。,ふ
可燃,フィルム（撮影用）,未使用のものは小型へ出してください。,ふ
プラスチック,フィルムケース,,ふ
可燃,フィン(足ひれ）,,ふ
可燃,風船,,ふ
小型破砕,風鈴,,ふ
小型破砕,フォーク,木、竹製は可燃に出してください。プラスチック製はプラへ出してください。,ふ
可燃,ふすま,金属部分は小型へ出してください。,ふ
プラスチック,ふた(風呂用）,50cm以上は大型へ、木製は可燃へ出してください。,ふ
小型破砕,ふた(金属製）,,ふ
プラスチック,ふた(プラスチック製）,,ふ
小型破砕,ブックエンド,プラスチック製はプラへ出してください。,ふ
大型資源,ブックスタンド木製は可燃へ出してください。50cm以下は小型へ出してください。,,ふ
可燃,筆,,ふ
可燃,ふとん,,ふ
大型資源,布団乾燥機,保温袋は可燃へ出してください。50cm以下は小型へ出してください。,ふ
小型破砕,フライパン,50cm以上は大型へ出してください。,ふ
大型資源,ブラインド,1.8ｍ以上は処理困難物です。,ふ
大型資源,ぶらさがり健康器,1.8ｍ以上は処理困難物です。,ふ
小型破砕,プラモデル,50cm以上は大型へ出してください。,ふ
大型資源,フラワースタンド,木製は可燃へ出してください。1.8ｍ以上は処理困難物です。,ふ
大型資源,ブランコ(幼児用）,木製は可燃へ出してください。1.8ｍ以上は処理困難物です。,ふ
プラスチック,プランター,中身の土石等を取り除き出してください。,ふ
大型資源,プリンター(家庭用）,トナー・インクを取り外して出してください。50cm以下は小型へ出してください。,ふ
小型破砕,プルトップ式のふた,,ふ
収集しません,風呂がま,販売店、専門業者に処理を依頼してください。,ふ
小型破砕,フロッピーディスク,紙製のケースは可燃へ、プラスチック製ケースはプラへ出してください。,ふ
小型破砕,文鎮,,ふ
小型破砕,噴霧器（家庭園芸用消毒器）,50cm以上は大型へ出してください。,ふ
小型破砕,ヘアピン,,へ
小型破砕,ヘアスプレー,中身を空にして、屋外で穴をあけて出してください。,へ
大型資源,ベッドのマット(スプリングのみ）,スポンジはプラへ、布部分は可燃へ出してください。,へ
可燃,ベッド（木製）,,へ
大型資源,ベッド(木製以外）,,へ
可燃,ペットかご(布製）,,へ
小型破砕,ペットかご(金属製）,50cm以上は大型へ出してください。,へ
可燃,ペットトレイの砂(人工砂）,,へ
缶・ビン,ペットフード缶詰の缶,ふたを取りさっと洗って出してください。,へ
ペットボトル,ペットボトル（飲料用・酒類・しょうゆなど）,キャップは外して金属は小型へ、プラスチックはプラへ出してください。４Ｐ参照,へ
プラスチック,ペットボトル（ソース・油・洗剤など）,４Ｐ参照,へ
小型破砕,ヘッドホン,,へ
可燃,ベニヤ板,,へ
大型資源,ベビーカー(乳母車）,布部分は可燃へ出してください。,へ
プラスチック,ベビーバス,50cm以上は大型へ出してください。,へ
可燃,ベビーベッド（木製）,金属部分は小型へ出してください。,へ
小型破砕,ヘルスメーター,電池は外して出してください。,へ
可燃,ベルト(ズボン用）,バックル(金具）は小型へ出してください。,へ
小型破砕,ヘルメット,,へ
収集しません,便器,販売店、専門業者に処理を依頼してください。,へ
大型資源,便座（ウォシュレット部分を含む）,50cm以下は小型へ出してください。,へ
大型資源,ベンチ,木製部分は可燃へ出してください。1.8ｍ以上は処理困難物です。,へ
小型破砕,ペンキの缶,中身を空にして、ふたを外して出してください。缶の周りに付着した塗料は硬化していれば受入可能です。,へ
小型破砕,ペン（ボールン・マジック・シャープペン）,,へ
小型破砕,ペンチ(工具）,,へ
小型破砕,ペンライト,乾電池は、外して乾電池類へ出してください。,へ
収集しません,ボイラー(風呂用）,販売店、専門業者に処理を依頼してください。,ほ
大型資源,ホイール（自転車・一輪車・ねこ車）,50cm以下は小型へ出してください。自動車用は収集しません。,ほ
可燃,ほうき,金属部分は小型へ。プラスチック部分はプラへ出して下さい。,ほ
可燃,芳香剤,中身を取り除いた容器でガラス製は小型へ、プラスチック製はプラへ出してください。,ほ
可燃,帽子,,ほ
小型破砕,包丁,50cm以上は大型へ出してください。,ほ
小型破砕,包丁研ぎ器,,ほ
可燃,ボウル(木製）,,ほ
小型破砕,ボウル(金属製）,50cm以上は大型へ出してください。,ほ
プラスチック,ボウル(プラスチック製）,50cm以上は大型へ出してください。,ほ
プラスチック,ホース,束ねて出してください。ゴム製(ガス用等）は可燃へ出してください。,ほ
大型資源,ホースリール,ホースは外して束ねて出してください。50cm以下は小型へ出してください。,ほ
大型資源,ポータブルトイレ,汚物は取り除いて出してください。,ほ
収集しません,ボート（エンジン付）,販売店・専門業者に処理を依頼してください。,ほ
可燃,ボート(ゴム製・エンジン付以外）,,ほ
プラスチック,ボート(ビニール製・エンジン付以外）,,ほ
FRP船リサイクル,ボート(FRP船）,FRP船リサイクルをご利用ください。10Ｐ参照,ほ
大型資源,ホームベーカリー,50cm以下は小型へ出してください。,ほ
大型資源,ボーリング球,,ほ
可燃,ボール(球）,プラスチック製はプラへ出してください。,ほ
小型破砕,ボールペン,,ほ
小型破砕,ホーロー鍋,,ほ
大型資源,歩行器（子ども用を含む）,木製部分は可燃へ出してください。50cm以下は小型へ出してください。,ほ
大型資源,補助動力付き自転車,バッテリーを外して出してください。バッテリーは販売店・専門業者に処理を依頼してください。,ほ
収集しません,ボタン電池,販売店等の回収箱に出してください。,ほ
小型破砕,ホッチキス・ホッチキスの針,,ほ
小型破砕,ポット（魔法びん・電気ポット）,,ほ
大型資源,ホットプレート,50cm以下は小型へ出してください。,ほ
小型破砕,哺乳ビン,乳首は可燃へ出してください。プラスチック製はプラへ出してください。,ほ
プラスチック,ポリタンク(灯油用等）,中身を空にして、キャップを取り外して出してください。水洗いは不要です。,ほ
可燃,保冷剤,,ほ
大型資源,ホワイトボード（家庭用）,50cm以下は小型へ出してください。,ほ
大型資源,本棚,木製部分は可燃へ出してください。50cm以下は小型へ出してください。,ほ
小型破砕,ポンチ(工具）,,ほ
大型資源,ポンプ（井戸用）,農業用は受け入れしません。,ほ
小型破砕,ポンプ（風呂・水槽用など）,50cm以上は大型へ出してください。,ほ
小型破砕,麻雀パイ,,ま
可燃,麻雀マット,,ま
小型破砕,マイク,,ま
小型破砕,マウス(パソコン用）,,ま
小型破砕,巻き尺,目盛の部分が布製のものは外して可燃へ出してください。,ま
小型破砕,マグネット,,ま
可燃,まくら,プラスチック複合材、金属製は小型へ出してください。,ま
小型破砕,マジック(マーカーペン等）,,ま
大型資源,マッサージ機(椅子型）,木製部分は可燃へ出してください。,ま
小型破砕,マッサージ機(ハンディタイプ）,乾電池は取り外し乾電池類に出してください。,ま
可燃,マットレス（スプリングを含まない）,スポンジはプラへ出してください。,ま
大型資源,マットレス（スプリングを含む）,スポンジはプラへ、布部分は可燃へ出してください。,ま
大型資源,松葉かき(くまで）,木、竹製部分は可燃へ出してください。,ま
可燃,まな板,プラスチック製はプラへ出してください。,ま
小型破砕,マニキュアビン,中身を空にして出してください。,ま
小型破砕,魔法ビン(ポット）,,ま
小型破砕,豆電球,,ま
プラスチック,マヨネーズの容器,中身を空にして水洗いして出してください。,ま
小型破砕,万年筆,,ま
小型破砕,万歩計,ボタン電池は販売店にあるリサイクルボックスへ出してください。,ま
大型資源,ミキサー,50cm以下は小型へ出してください。,み
大型資源,ミシン,木製部分は可燃へ出してください。,み
小型破砕,ミニカー,,み
小型破砕,ミニコンポ,50cm以上は大型へ出してください。可燃部分はなるべく取り除いてください。,み
小型破砕,ミル,,み
缶・ビン,ミルクの缶,ふたを取りさっと洗って出してください。,み
小型破砕,虫かご,木製は可燃へ、プラスチック製はプラへ出してください。,む
大型資源,蒸し器,木、竹製は可燃へ出してください。50cm以下は小型へ出してください。,む
小型破砕,虫めがね,,む
小型破砕,めがね,,め
プラスチック,メガホン,紙製は可燃へ出してください。,め
小型破砕,メジャー,目盛りの部分が布製のものは外して可燃へ出してください。,め
可燃,毛布,,も
大型資源,餅つき機,50cm以下は小型へ出してください。,も
大型資源,モップ,木製部分、布は可燃へ、50cm以下は小型へ出してください。,も
大型資源,物干し竿,1.8ｍ以上は処理困難物です。,も
大型資源,物干しスタンド,50cm以下は小型へ出してください。,も
大型資源,物干し台,土台部分もそのまま出してください。,も
小型破砕,やかん(ケットル）,,や
缶・ビン,焼肉のたれビン,ふたを取りさっと洗って出してください。割れたビンは小型へ出してください。,や
大型資源,焼肉用鉄板(金属類）,50cm以下は小型へ出してください。,や
可燃,野球のボール,,や
小型破砕,やす,ゴム、木、竹部分は可燃へ出してください。,や
小型破砕,やすり(工具）,紙やすりは可燃に出してください。,や
小型破砕,湯たんぽ,中身を空にして出してください。プラスチック製はプラへ出してください。,ゆ
大型資源,湯沸かし器(台所用）,ゴムホースは可燃へ出してください。,ゆ
可燃,洋服ダンス,金属部分は小型へ出してください。,よ
大型資源,ライサー(米びつ）,50cm以下は小型へ出してください。,ら
小型破砕,ライター,ガスを空にして出してください。使い終わった後も、時間をおいて火がつかないか何回か確認してください。,ら
小型破砕,ラケット,木製、ゴム製は可燃へ、50cm以上は大型へ出してください。,ら
小型破砕,ラジオ,電池を外して出してください。,ら
大型資源,ラジカセ,50cm以下は小型へ出してください。電池を外して出してください。,ら
プラスチック,ラップ（食品用）,汚れたものはさっと洗って出してください。,ら
小型破砕,ランチジャー,プラスチック製はプラへ出してください。,ら
可燃,ランドセル,金具はできるだけ外して小型へ出してください。,ら
大型資源,ランニングマシーン,1.8ｍ以上は処理困難物です。,ら
小型破砕,ランプ(キャンプ用）,燃料、電池は取り除き出してください。,ら
小型破砕,リール(魚釣り用）,釣り糸は、外して束ねてプラへ出してください。,り
プラスチック,リコーダ（笛）,,り
可燃,リュックサック,金具はできるだけ外して小型へ出してください。,り
小型破砕,リモコン,電池を取り外して出してください。,り
収集しません,リヤカー,販売店、専門業者に処理を依頼してください。,り
可燃,料理くず,水を切って出してください。,り
可燃,旅行かばん（布製）,金具はできるだけ外して小型へ出してください。,り
可燃,旅行かばん（革製）,金具はできるだけ外して小型へ出してください。,り
可燃,ルーズリーフファイル（紙製）,金属部分は小型へ出してください。,る
プラスチック,ルーズリーフファイル（プラスチック製）,金属部分は小型へ出してください。,る
小型破砕,ルーペ,,る
小型破砕,冷温機,50cm以上は大型へ出してください。,れ
大型資源,冷水機,,れ
家電リサイクル製品,冷蔵庫,食品等は取り除いて出してください。家電リサイクル券を購入し、販売店、専門業者に処理を依頼してください。,れ
家電リサイクル製品,冷凍庫,食品等は取り除いて出してください。家電リサイクル券を購入し、販売店、専門業者に処理を依頼してください。,れ
収集しません,レーザープリンタ(業務用）,販売店、専門業者に処理を依頼してください。,れ
大型資源,レーザープリンタ(家庭用）,トナーを外して出してください。50cm以下は小型へ出してください。,れ
小型破砕,レコード針(ケース含む）,,れ
小型破砕,レコード盤,ジャケットは可燃へ出してください。,れ
大型資源,レコードプレーヤー,50cm以下は小型へ出してください。,れ
プラスチック,レジャーシート,,れ
小型破砕,レターケース,プラスチック製はプラへ、50cm以上は大型へ出してください。,れ
収集しません,れんが,鳥取県東部環境クリーンセンターにお問い合わせください。,れ
大型資源,レンジ,,れ
大型資源,レンジ台,木製は可燃へ出してください。,れ
小型破砕,レンズ,,れ
小型破砕,レンチ(工具）,,れ
小型破砕,ロースター,50cm以上は大型へ出してください。,ろ
可燃,ローソク,,ろ
可燃,ロープ,束ねて出してください。ナイロン製はプラへ出してください。,ろ
小型破砕,ローラースケート,,ろ
大型資源,ワープロ,バッテリーは販売店のリサイクルボックスへ出してください。50cm以下は小型へ出してください。,わ
大型資源,ワイヤー,束ねて出してください。,わ
大型資源,ワゴン,木製部分は可燃へ出してください。,わ
小型破砕,ワックスの缶,中身は空にして出してください。プラスチック製はプラへ出してください。,わ
可燃,ワッペン,ビニール製はプラへ出してください。安全ピンは小型へ出してください。,わ
小型破砕,割れたビン,,わ
可燃,輪ゴム,,わ
可燃,腕章,ビニール製はプラへ出してください。安全ピンは小型へ出してください。,わ
